{"cameraMode":{"drawMode":0,"name":"Shaded","section":"Shading Mode"},"sceneLighting":false,"audioPlay":false,"sceneViewState":{"m_AlwaysRefresh":false,"showFog":true,"showSkybox":true,"showFlares":true,"showImageEffects":true,"showParticleSystems":true,"showVisualEffectGraphs":true,"m_FxEnabled":true},"in2DMode":false,"pivot":{"x":-0.41394150257110598,"y":-11.175374984741211,"z":-3.268949508666992},"rotation":{"x":-0.0005640597664751113,"y":0.8868224620819092,"z":-0.462039053440094,"w":-0.0010579983936622739},"size":18.633182525634767,"orthographic":false}